Annual_GHI_kWh,Average_PSH,Diffuse_Fraction_mean,Beam_Ratio_mean,GHI_hourly_std_mean,GHI_daily_std_mean,Avg_Temperature,Avg_Wind,Total_Precip_mm
127909.0642,349.47831748633877,0.5958580003122591,0.5336809707868571,34.98588857028085,321.47122212429684,35.24602568493151,2.1211128234398786,1001.2
