Annual_GHI_kWh,Average_PSH,Diffuse_Fraction_mean,Beam_Ratio_mean,GHI_hourly_std_mean,GHI_daily_std_mean,Avg_Temperature,Avg_Wind,Total_Precip_mm
121791.39379999999,332.76337103825136,0.6038007555181939,0.5600763625309719,70.11824059671233,298.2418802801648,32.44440296803653,2.368093417047184,726.4
